,run,last_objective,usage_number,generation
0,0,0.02057099982267996,287,299
1,1,0.01966634195395356,384,400
2,2,0.0207326997714139,345,354
3,3,0.019874287923336897,339,344
4,4,0.02018720934694862,286,298
5,5,0.020676217183860146,436,449
6,6,0.01689977372166318,338,350
7,7,0.02034675413105491,324,339
8,8,0.020362770583284284,416,427
