,run,last_objective,usage_number,generation
0,0,0.14002599046677355,296,300
1,1,0.0810400876602615,295,300
2,2,0.13649451684092773,295,300
3,3,0.15470108127485105,295,300
4,4,0.17210023261847907,294,300
5,5,0.09186231847945159,296,300
6,6,0.06800210832862508,261,265
7,7,0.10655634911749834,295,300
8,8,0.2371334999177801,296,300
9,9,0.10755318873575348,295,300
