,run,last_objective,usage_number,generation
0,0,1.1717414419050063,0,300
1,1,1.1717414419050063,0,300
2,2,1.1717414419050063,0,300
