,run,last_objective,usage_number,generation
0,0,0.07360833238735276,436,451
1,1,0.07392277310701989,450,460
