,run,last_objective,usage_number,generation
0,0,0.07853290795984291,199,208
1,1,0.06774109182449639,146,162
2,2,0.07099061770608006,242,250
3,3,0.07848363573392414,143,153
