,run,last_objective,usage_number,generation
0,0,0.07360833238735276,436,451
1,1,0.07392277310701989,450,460
2,2,0.06737871966170905,440,454
3,3,0.07249544205736669,402,468
4,4,0.07248998414694652,474,484
5,5,0.07342543477656582,414,426
6,6,0.07346536593136288,374,382
7,7,0.0737807498601647,424,437
8,8,0.06954282954240609,496,512
9,9,0.06653812577256535,391,403
