,run,last_objective,usage_number,generation
0,0,27.57038302955041,586,600
1,1,27.4048885035303,570,600
2,2,29.38801820796616,581,600
