,run,last_objective,usage_number,generation
0,0,29.4887801529562,293,300
1,1,27.444036731259107,290,300
2,2,27.879262992469343,295,300
3,3,81.20528535521369,293,300
