,run,last_objective,usage_number,generation
0,0,7.204765133029586,372,384
1,1,7.205880094386638,211,220
2,2,7.160173025435655,552,562
3,3,7.207709225497116,418,429
