,run,last_objective,usage_number,generation
0,0,17.211682687964288,571,600
1,1,17.211424370971095,587,600
2,2,17.229402481869652,583,600
3,3,17.330809881843603,588,600
4,4,16.917113268411615,559,600
5,5,17.43161563230131,586,600
6,6,19.31882291584953,581,600
