,run,last_objective,usage_number
0,0,124.1591315247165,0
1,1,124.1591315247165,0
2,2,124.1591315247165,0
